Full Name,First Name,Last Name
Peggy Dufour, Peggy, Dufour
Sean Pearsall, Sean, Pearsall
Tiffany Cole, Tiffany, Cole
Lisa Hocutt, Lisa, Hocutt
David Pettway, David, Pettway
Susan Miller, Susan, Miller
Stefany Svoboda, Stefany, Svoboda
Marcelle Holmes, Marcelle, Holmes
Jason Burton, Jason, Burton
Sandy Snow, Sandy, Snow

Gina Menear, Gina, Menear
Kenneth Shanks, Kenneth, Shanks
Jose Bingham, Jose, Bingham
Carolyn Bills, Carolyn, Bills
Roland Sandow, Roland, Sandow
David Suiter, David, Suiter
Pamela Marquez, Pamela, Marquez
Henry Fletcher, Henry, Fletcher
Doris Oldenburg, Doris, Oldenburg
Karla Tack, Karla, Tack

Sandra Hayden, Sandra, Hayden
Donald Blackman, Donald, Blackman
Steven Sanders, Steven, Sanders
Francesca Caskey, Francesca, Caskey
Mark Marren, Mark, Marren
Frances Cardenas, Frances, Cardenas
Melvin Appleton, Melvin, Appleton
Byron Burmeister, Byron, Burmeister
Walter Rubio, Walter, Rubio
Lisa Davenport, Lisa, Davenport
