ons Calattrava,s25,6-2,Column 04
tinastaton348@valluyjunca.com,tinastaton348,Tina,Staton
rogerbuell373@valluyjunca.com,rogerbuell373,Roger,Buell
danielallen219@valluyjunca.com,danielallen219,Daniel,Allen
jamesreimer425@valluyjunca.com,jamesreimer425,James,Reimer
justinepetaway862@valluyjunca.com,justinepetaway862,Justine,Petaway
anitapruett462@valluyjunca.com,anitapruett462,Anita,Pruett
johnniesmith463@valluyjunca.com,johnniesmith463,Johnnie,Smith
mildredmilstead802@valluyjunca.com,mildredmilstead802,Mildred,Milstead
rayrobinson979@valluyjunca.com,rayrobinson979,Ray,Robinson
larryhamilton386@valluyjunca.com,larryhamilton386,Larry,Hamilton
bessgreer316@valluyjunca.com,bessgreer316,Bess,Greer
kennethtillman508@valluyjunca.com,kennethtillman508,Kenneth,Tillman
sherrywilburn501@valluyjunca.com,sherrywilburn501,Sherry,Wilburn
bobbiesalazar371@valluyjunca.com,bobbiesalazar371,Bobbie,Salazar
melvinkozlowski486@valluyjunca.com,melvinkozlowski486,Melvin,Kozlowski
reneethomas403@valluyjunca.com,reneethomas403,Renee,Thomas
leonardneihart238@valluyjunca.com,leonardneihart238,Leonard,Neihart
davidlandon649@valluyjunca.com,davidlandon649,David,Landon
julieanderson806@valluyjunca.com,julieanderson806,Julie,Anderson
miltonlopez122@valluyjunca.com,miltonlopez122,Milton,Lopez
jackhelm905@valluyjunca.com
,jackhelm905,Jack,Helm
gregoryschwebach762@valluyjunca.com
,gregoryschwebach762,Gregory,Schwebach
douglashenderson195@valluyjunca.com
,douglashenderson195,Douglas,Henderson
jenniferthomas889@valluyjunca.com
,jenniferthomas889,Jennifer,Thomas
drewcrow887@valluyjunca.com
,drewcrow887,Drew,Crow
jodihoey246@valluyjunca.com
,jodihoey246,Jodi,Hoey
pamelacamille590@valluyjunca.com
,pamelacamille590,Pamela,Camille
aaronrobertson322@valluyjunca.com
,aaronrobertson322,Aaron,Robertson
brianfranks344@valluyjunca.com
,brianfranks344,Brian,Franks
melissabryant604@valluyjunca.com
,melissabryant604,Melissa,Bryant
nathankendra850@valluyjunca.com,nathankendra850,Nathan,Kendra
stevengholston961@valluyjunca.com,stevengholston961,Steven,Gholston
frederickguetierrez932@valluyjunca.com,frederickguetierrez932,Frederick,Guetierrez
christianagarza940@valluyjunca.com,christianagarza940,Christiana,Garza
normalloyd422@valluyjunca.com,normalloyd422,Norma,Lloyd
keithshows402@valluyjunca.com,keithshows402,Keith,Shows
louisbell247@valluyjunca.com,louisbell247,Louis,Bell
susangarcia475@valluyjunca.com,susangarcia475,Susan,Garcia
mariahenninger818@valluyjunca.com,mariahenninger818,Maria,Henninger
edwardbillings118@valluyjunca.com,edwardbillings118,Edward,Billings
robert-flowers668@5770170A4fA9c5e610f6cAf5Ad0c9b2d,robert-flowers668,Robert,Flowers
gena-griffith785@5770170A4fA9c5e610f6cAf5Ad0c9b2d,gena-griffith785,Gena,Griffith
williamblunt885@5770170A4fA9c5e610f6cAf5Ad0c9b2d,williamblunt885,William,Blunt
phillip-parham716@5770170A4fA9c5e610f6cAf5Ad0c9b2d,phillip-parham716,Phillip,Parham
kathleenelliott644@5770170A4fA9c5e610f6cAf5Ad0c9b2d,kathleenelliott644,Kathleen,Elliott
marlene-carroll475@5770170A4fA9c5e610f6cAf5Ad0c9b2d,marlene-carroll475,Marlene,Carroll
william.strickland849@5770170A4fA9c5e610f6cAf5Ad0c9b2d,william.strickland849,William,Strickland
edwardrathje741@5770170A4fA9c5e610f6cAf5Ad0c9b2d,edwardrathje741,Edward,Rathje
james.mchenry392@5770170A4fA9c5e610f6cAf5Ad0c9b2d,james.mchenry392,James,Mchenry
jonathan-pettiway944@5770170A4fA9c5e610f6cAf5Ad0c9b2d,jonathan-pettiway944,Jonathan,Pettiway
michael.murphy417@valluyjunca.com,michael.murphy417,Michael,Murphy
ralph.mack449@valluyjunca.com,ralph.mack449,Ralph,Mack
sean-venezia440@valluyjunca.com,sean-venezia440,Sean,Venezia
martha.fisher711@valluyjunca.com,martha.fisher711,Martha,Fisher
alex.williams675@valluyjunca.com,alex.williams675,Alex,Williams
bryan-mayberry419@valluyjunca.com,bryan-mayberry419,Bryan,Mayberry
sanjuanita-hairston112@valluyjunca.com,sanjuanita-hairston112,Sanjuanita,Hairston
williamellsworth409@valluyjunca.com,williamellsworth409,William,Ellsworth
peggyhendrix971@valluyjunca.com,peggyhendrix971,Peggy,Hendrix
barrychristiansen332@valluyjunca.com,barrychristiansen332,Barry,Christiansen
james_johnson217@valluyjunca.com,james_johnson217,James,Johnson
rafael_brewer618@valluyjunca.com,rafael_brewer618,Rafael,Brewer
james.davis384@valluyjunca.com,james.davis384,James,Davis
charlespoe666@valluyjunca.com,charlespoe666,Charles,Poe
carlzellinger410@valluyjunca.com,carlzellinger410,Carl,Zellinger
betty-bailey993@valluyjunca.com,betty-bailey993,Betty,Bailey
sarahbell638@valluyjunca.com,sarahbell638,Sarah,Bell
benjamin_denham484@valluyjunca.com,benjamin_denham484,Benjamin,Denham
guillermo.lee937@valluyjunca.com,guillermo.lee937,Guillermo,Lee
julian.brimmer836@valluyjunca.com,julian.brimmer836,Julian,Brimmer